,stoc_ot_senemb_nn_cache,stoc_ot_corremb_nn_cache,simple_ot_senemb_nn_cache,simple_ot_corremb_nn_cache,simple_proc_senemb_nn_cache,simple_proc_corremb_nn_cache,lexicon_induction_sememb_nn_cache,lexicon_induction_corremb_nn_cache
0,0.45,0.3875,0.325,0.275,0.325,0.4125,0.6625,0.5125
1,0.43125,0.43125,0.3375,0.25,0.3375,0.45625,0.6375,0.5625
2,0.4791666666666667,0.4875,0.3958333333333333,0.275,0.39166666666666666,0.5583333333333333,0.6666666666666666,0.6125
3,0.51875,0.528125,0.415625,0.303125,0.446875,0.63125,0.709375,0.609375
4,0.5575,0.58,0.4575,0.3275,0.4875,0.6625,0.73,0.6475
