,stoc_ot_senemb_nn_cache,stoc_ot_corremb_nn_cache,simple_ot_senemb_nn_cache,simple_ot_corremb_nn_cache,simple_proc_senemb_nn_cache,simple_proc_corremb_nn_cache,lexicon_induction_sememb_nn_cache,lexicon_induction_corremb_nn_cache
0,0.425,0.4375,0.3125,0.3,0.3375,0.5375,0.65,0.5125
1,0.41875,0.50625,0.28125,0.325,0.3625,0.51875,0.6375,0.5625
2,0.49583333333333335,0.5708333333333333,0.32916666666666666,0.3625,0.4,0.5916666666666667,0.6458333333333334,0.6125
3,0.528125,0.6125,0.378125,0.440625,0.45625,0.64375,0.71875,0.609375
4,0.5625,0.6925,0.41,0.5025,0.5075,0.715,0.7325,0.6475
