,stoc_ot_senemb_nn_cache,stoc_ot_corremb_nn_cache,simple_ot_senemb_nn_cache,simple_ot_corremb_nn_cache,simple_proc_senemb_nn_cache,simple_proc_corremb_nn_cache,lexicon_induction_sememb_nn_cache,lexicon_induction_corremb_nn_cache
0,0.4,0.45,0.275,0.2875,0.375,0.4125,0.65,0.5125
1,0.4375,0.48125,0.26875,0.275,0.4,0.4625,0.625,0.5625
2,0.4708333333333333,0.5541666666666667,0.325,0.32083333333333336,0.43333333333333335,0.5291666666666667,0.65,0.6125
3,0.484375,0.603125,0.378125,0.403125,0.496875,0.60625,0.7125,0.609375
4,0.535,0.645,0.4125,0.455,0.5325,0.62,0.74,0.6475
