,stoc_ot_senemb_nn_cache,stoc_ot_corremb_nn_cache,simple_ot_senemb_nn_cache,simple_ot_corremb_nn_cache,simple_proc_senemb_nn_cache,simple_proc_corremb_nn_cache,lexicon_induction_sememb_nn_cache,lexicon_induction_corremb_nn_cache
0,0.425,0.45,0.325,0.375,0.3125,0.4375,0.65,0.5125
1,0.4125,0.50625,0.29375,0.45,0.3,0.45625,0.64375,0.5625
2,0.4875,0.5375,0.36666666666666664,0.5291666666666667,0.38333333333333336,0.5375,0.6416666666666667,0.6125
3,0.496875,0.590625,0.40625,0.6,0.453125,0.6125,0.690625,0.609375
4,0.5375,0.6375,0.4225,0.6525,0.4825,0.655,0.7225,0.6475
