,stoc_ot_senemb_nn_cache,stoc_ot_corremb_nn_cache,simple_ot_senemb_nn_cache,simple_ot_corremb_nn_cache,simple_proc_senemb_nn_cache,simple_proc_corremb_nn_cache,lexicon_induction_sememb_nn_cache,lexicon_induction_corremb_nn_cache
0,0.45,0.425,0.35,0.275,0.35,0.4125,0.675,0.5125
1,0.43125,0.48125,0.3875,0.25625,0.39375,0.425,0.63125,0.5625
2,0.475,0.5166666666666667,0.45,0.275,0.45,0.5208333333333334,0.6333333333333333,0.6125
3,0.5375,0.571875,0.521875,0.309375,0.521875,0.59375,0.684375,0.609375
4,0.565,0.66,0.575,0.3875,0.575,0.655,0.7125,0.6475
