,stoc_ot_senemb_nn_cache,stoc_ot_corremb_nn_cache,simple_ot_senemb_nn_cache,simple_ot_corremb_nn_cache,simple_proc_senemb_nn_cache,simple_proc_corremb_nn_cache,lexicon_induction_sememb_nn_cache,lexicon_induction_corremb_nn_cache
0,0.35,0.4,0.2875,0.2625,0.35,0.3375,0.65,0.5125
1,0.39375,0.44375,0.2625,0.2625,0.35625,0.39375,0.6375,0.5625
2,0.4375,0.5166666666666667,0.30416666666666664,0.2708333333333333,0.38333333333333336,0.4875,0.6291666666666667,0.6125
3,0.503125,0.575,0.375,0.309375,0.46875,0.590625,0.684375,0.609375
4,0.5175,0.61,0.415,0.335,0.51,0.62,0.73,0.6475
