,stoc_ot_senemb_nn_cache,stoc_ot_corremb_nn_cache,simple_ot_senemb_nn_cache,simple_ot_corremb_nn_cache,simple_proc_senemb_nn_cache,simple_proc_corremb_nn_cache,lexicon_induction_sememb_nn_cache,lexicon_induction_corremb_nn_cache
0,0.3875,0.3625,0.275,0.275,0.35,0.5,0.6625,0.5125
1,0.4125,0.44375,0.26875,0.25,0.34375,0.4875,0.63125,0.5625
2,0.5041666666666667,0.5125,0.3375,0.25833333333333336,0.4041666666666667,0.5541666666666667,0.6458333333333334,0.6125
3,0.534375,0.553125,0.384375,0.3,0.453125,0.61875,0.696875,0.609375
4,0.555,0.6325,0.425,0.3525,0.4975,0.69,0.74,0.6475
