,stoc_ot_senemb_nn_cache,stoc_ot_corremb_nn_cache,simple_ot_senemb_nn_cache,simple_ot_corremb_nn_cache,simple_proc_senemb_nn_cache,simple_proc_corremb_nn_cache,lexicon_induction_sememb_nn_cache,lexicon_induction_corremb_nn_cache
0,0.425,0.5125,0.3375,0.2875,0.35,0.4125,0.6625,0.5125
1,0.4,0.51875,0.35625,0.25,0.35,0.41875,0.625,0.5625
2,0.45,0.5583333333333333,0.45,0.2875,0.4375,0.45416666666666666,0.65,0.6125
3,0.509375,0.64375,0.496875,0.321875,0.4875,0.509375,0.70625,0.609375
4,0.5675,0.6725,0.54,0.355,0.53,0.5625,0.73,0.6475
