,stoc_ot_senemb_nn_cache,stoc_ot_corremb_nn_cache,simple_ot_senemb_nn_cache,simple_ot_corremb_nn_cache,simple_proc_senemb_nn_cache,simple_proc_corremb_nn_cache,lexicon_induction_sememb_nn_cache,lexicon_induction_corremb_nn_cache
0,0.45,0.4375,0.3,0.3,0.3375,0.4375,0.65,0.5125
1,0.40625,0.425,0.29375,0.2875,0.36875,0.475,0.61875,0.5625
2,0.44166666666666665,0.4875,0.32916666666666666,0.30416666666666664,0.4166666666666667,0.5666666666666667,0.6583333333333333,0.6125
3,0.509375,0.56875,0.3875,0.346875,0.5,0.625,0.703125,0.609375
4,0.5675,0.645,0.405,0.4,0.545,0.66,0.7275,0.6475
