,stoc_ot_senemb_nn_cache,stoc_ot_corremb_nn_cache,simple_ot_senemb_nn_cache,simple_ot_corremb_nn_cache,simple_proc_senemb_nn_cache,simple_proc_corremb_nn_cache,lexicon_induction_sememb_nn_cache,lexicon_induction_corremb_nn_cache
0,0.425,0.4625,0.3,0.325,0.325,0.4125,0.675,0.5125
1,0.4375,0.49375,0.3,0.30625,0.35,0.475,0.64375,0.5625
2,0.4666666666666667,0.5666666666666667,0.32083333333333336,0.37916666666666665,0.3875,0.5583333333333333,0.6583333333333333,0.6125
3,0.503125,0.609375,0.375,0.44375,0.434375,0.64375,0.68125,0.609375
4,0.52,0.665,0.415,0.475,0.48,0.6625,0.7375,0.6475
