,stoc_ot_senemb_nn_cache,stoc_ot_corremb_nn_cache,simple_ot_senemb_nn_cache,simple_ot_corremb_nn_cache,simple_proc_senemb_nn_cache,simple_proc_corremb_nn_cache,lexicon_induction_sememb_nn_cache,lexicon_induction_corremb_nn_cache
0,0.35,0.4875,0.3125,0.2625,0.325,0.4,0.6625,0.5125
1,0.375,0.4875,0.31875,0.225,0.30625,0.38125,0.625,0.5625
2,0.4375,0.5333333333333333,0.35,0.25,0.3541666666666667,0.475,0.6416666666666667,0.6125
3,0.478125,0.603125,0.4,0.28125,0.396875,0.55625,0.703125,0.609375
4,0.5225,0.655,0.415,0.3,0.4125,0.6025,0.73,0.6475
