,stoc_ot_senemb_nn_cache,stoc_ot_corremb_nn_cache,simple_ot_senemb_nn_cache,simple_ot_corremb_nn_cache,simple_proc_senemb_nn_cache,simple_proc_corremb_nn_cache,lexicon_induction_sememb_nn_cache,lexicon_induction_corremb_nn_cache
0,0.3375,0.4625,0.3375,0.4125,0.325,0.35,0.65,0.5125
1,0.40625,0.5,0.33125,0.40625,0.31875,0.41875,0.6375,0.5625
2,0.45416666666666666,0.5416666666666666,0.43333333333333335,0.42916666666666664,0.43333333333333335,0.5041666666666667,0.65,0.6125
3,0.49375,0.615625,0.446875,0.484375,0.446875,0.5875,0.70625,0.609375
4,0.52,0.67,0.4475,0.5275,0.45,0.6125,0.7325,0.6475
