,stoc_ot_senemb_nn_cache,stoc_ot_corremb_nn_cache,simple_ot_senemb_nn_cache,simple_ot_corremb_nn_cache,simple_proc_senemb_nn_cache,simple_proc_corremb_nn_cache,lexicon_induction_sememb_nn_cache,lexicon_induction_corremb_nn_cache
0,0.3875,0.4875,0.3,0.3,0.3,0.3875,0.675,0.5125
1,0.39375,0.45625,0.31875,0.29375,0.325,0.44375,0.64375,0.5625
2,0.4166666666666667,0.525,0.35833333333333334,0.38333333333333336,0.35833333333333334,0.5041666666666667,0.65,0.6125
3,0.50625,0.6,0.428125,0.45625,0.428125,0.575,0.703125,0.609375
4,0.525,0.6375,0.455,0.4825,0.455,0.6175,0.7225,0.6475
