,stoc_ot_senemb_nn_cache,stoc_ot_corremb_nn_cache,simple_ot_senemb_nn_cache,simple_ot_corremb_nn_cache,simple_proc_senemb_nn_cache,simple_proc_corremb_nn_cache,lexicon_induction_sememb_nn_cache,lexicon_induction_corremb_nn_cache
0,0.375,0.3625,0.2875,0.2875,0.3625,0.4875,0.6375,0.5125
1,0.4,0.4375,0.275,0.275,0.375,0.5125,0.63125,0.5625
2,0.44583333333333336,0.5541666666666667,0.3333333333333333,0.30416666666666664,0.4125,0.6,0.65,0.6125
3,0.45625,0.6,0.38125,0.365625,0.421875,0.64375,0.7,0.609375
4,0.4825,0.6575,0.4175,0.43,0.4725,0.69,0.7175,0.6475
