,stoc_ot_senemb_nn_cache,stoc_ot_corremb_nn_cache,simple_ot_senemb_nn_cache,simple_ot_corremb_nn_cache,simple_proc_senemb_nn_cache,simple_proc_corremb_nn_cache,lexicon_induction_sememb_nn_cache,lexicon_induction_corremb_nn_cache
0,0.35,0.425,0.3,0.275,0.3375,0.4375,0.65,0.5125
1,0.4125,0.46875,0.28125,0.2875,0.3625,0.4875,0.65,0.5625
2,0.4583333333333333,0.5,0.3125,0.29583333333333334,0.425,0.5583333333333333,0.6625,0.6125
3,0.4625,0.55625,0.353125,0.3375,0.453125,0.65625,0.709375,0.609375
4,0.5075,0.61,0.41,0.3775,0.51,0.68,0.7275,0.6475
