,stoc_ot_senemb_nn_cache,stoc_ot_corremb_nn_cache,simple_ot_senemb_nn_cache,simple_ot_corremb_nn_cache,simple_proc_senemb_nn_cache,simple_proc_corremb_nn_cache,lexicon_induction_sememb_nn_cache,lexicon_induction_corremb_nn_cache
0,0.3875,0.475,0.35,0.2625,0.35,0.3625,0.65,0.5125
1,0.4,0.48125,0.34375,0.23125,0.36875,0.3625,0.625,0.5625
2,0.43333333333333335,0.5625,0.45,0.24583333333333332,0.4583333333333333,0.4625,0.6625,0.6125
3,0.503125,0.6125,0.50625,0.28125,0.5125,0.54375,0.7125,0.609375
4,0.535,0.6625,0.5375,0.3125,0.5375,0.6025,0.725,0.6475
