,stoc_ot_senemb_nn_cache,stoc_ot_corremb_nn_cache,simple_ot_senemb_nn_cache,simple_ot_corremb_nn_cache,simple_proc_senemb_nn_cache,simple_proc_corremb_nn_cache,lexicon_induction_sememb_nn_cache,lexicon_induction_corremb_nn_cache
0,0.4125,0.425,0.325,0.475,0.325,0.4625,0.675,0.5125
1,0.425,0.44375,0.3125,0.53125,0.36875,0.5125,0.6375,0.5625
2,0.45416666666666666,0.525,0.36666666666666664,0.5625,0.43333333333333335,0.5583333333333333,0.6625,0.6125
3,0.5,0.575,0.409375,0.615625,0.496875,0.61875,0.703125,0.609375
4,0.525,0.6125,0.4475,0.62,0.5275,0.62,0.735,0.6475
