,stoc_ot_senemb_nn_cache,stoc_ot_corremb_nn_cache,simple_ot_senemb_nn_cache,simple_ot_corremb_nn_cache,simple_proc_senemb_nn_cache,simple_proc_corremb_nn_cache,lexicon_induction_sememb_nn_cache,lexicon_induction_corremb_nn_cache
0,0.375,0.3625,0.2875,0.3,0.3375,0.45,0.6625,0.5125
1,0.4,0.4,0.30625,0.275,0.35625,0.44375,0.625,0.5625
2,0.4375,0.4875,0.3333333333333333,0.31666666666666665,0.4083333333333333,0.5166666666666667,0.6625,0.6125
3,0.48125,0.54375,0.365625,0.36875,0.45,0.6,0.696875,0.609375
4,0.5225,0.5875,0.4025,0.445,0.495,0.6275,0.7225,0.6475
