,stoc_ot_senemb_nn_cache,stoc_ot_corremb_nn_cache,simple_ot_senemb_nn_cache,simple_ot_corremb_nn_cache,simple_proc_senemb_nn_cache,simple_proc_corremb_nn_cache,lexicon_induction_sememb_nn_cache,lexicon_induction_corremb_nn_cache
0,0.35,0.4625,0.3125,0.2625,0.3375,0.4875,0.6625,0.5125
1,0.4,0.4875,0.29375,0.225,0.31875,0.49375,0.64375,0.5625
2,0.4791666666666667,0.5583333333333333,0.3375,0.25,0.37083333333333335,0.55,0.6625,0.6125
3,0.50625,0.6125,0.384375,0.28125,0.453125,0.63125,0.7125,0.609375
4,0.5375,0.6725,0.42,0.3125,0.4925,0.68,0.725,0.6475
