,stoc_ot_senemb_nn_cache,stoc_ot_corremb_nn_cache,simple_ot_senemb_nn_cache,simple_ot_corremb_nn_cache,simple_proc_senemb_nn_cache,simple_proc_corremb_nn_cache,lexicon_induction_sememb_nn_cache,lexicon_induction_corremb_nn_cache
0,0.375,0.45,0.35,0.275,0.3375,0.475,0.65,0.5125
1,0.4375,0.48125,0.33125,0.25,0.33125,0.46875,0.625,0.5625
2,0.4625,0.5375,0.37916666666666665,0.26666666666666666,0.37083333333333335,0.5625,0.6541666666666667,0.6125
3,0.503125,0.578125,0.428125,0.296875,0.421875,0.625,0.7125,0.609375
4,0.52,0.68,0.4675,0.3475,0.4575,0.6975,0.745,0.6475
