,stoc_ot_senemb_nn_cache,stoc_ot_corremb_nn_cache,simple_ot_senemb_nn_cache,simple_ot_corremb_nn_cache,simple_proc_senemb_nn_cache,simple_proc_corremb_nn_cache,lexicon_induction_sememb_nn_cache,lexicon_induction_corremb_nn_cache
0,0.4375,0.425,0.3125,0.2875,0.325,0.5,0.65,0.5125
1,0.43125,0.43125,0.3,0.2625,0.35625,0.5125,0.64375,0.5625
2,0.4666666666666667,0.5291666666666667,0.32916666666666666,0.30833333333333335,0.4166666666666667,0.55,0.6375,0.6125
3,0.50625,0.6,0.365625,0.328125,0.471875,0.621875,0.703125,0.609375
4,0.55,0.635,0.4125,0.35,0.525,0.6825,0.7225,0.6475
