,stoc_ot_senemb_nn_cache,stoc_ot_corremb_nn_cache,simple_ot_senemb_nn_cache,simple_ot_corremb_nn_cache,simple_proc_senemb_nn_cache,simple_proc_corremb_nn_cache,lexicon_induction_sememb_nn_cache,lexicon_induction_corremb_nn_cache
0,0.3875,0.4375,0.2875,0.275,0.3375,0.45,0.65,0.5125
1,0.44375,0.4625,0.275,0.26875,0.38125,0.5,0.6125,0.5625
2,0.45416666666666666,0.5583333333333333,0.2791666666666667,0.2791666666666667,0.4083333333333333,0.55,0.6458333333333334,0.6125
3,0.490625,0.603125,0.3375,0.3125,0.459375,0.6375,0.70625,0.609375
4,0.515,0.6575,0.375,0.3325,0.5025,0.67,0.7275,0.6475
