,stoc_ot_senemb_nn_cache,stoc_ot_corremb_nn_cache,simple_ot_senemb_nn_cache,simple_ot_corremb_nn_cache,simple_proc_senemb_nn_cache,simple_proc_corremb_nn_cache,lexicon_induction_sememb_nn_cache,lexicon_induction_corremb_nn_cache
0,0.4,0.375,0.3,0.275,0.3375,0.375,0.675,0.5125
1,0.38125,0.39375,0.2875,0.25625,0.35625,0.43125,0.6375,0.5625
2,0.475,0.4875,0.3416666666666667,0.29583333333333334,0.4375,0.5041666666666667,0.6541666666666667,0.6125
3,0.484375,0.521875,0.35625,0.303125,0.453125,0.575,0.7125,0.609375
4,0.54,0.5875,0.41,0.345,0.535,0.58,0.7175,0.6475
