,stoc_ot_senemb_nn_cache,stoc_ot_corremb_nn_cache,simple_ot_senemb_nn_cache,simple_ot_corremb_nn_cache,simple_proc_senemb_nn_cache,simple_proc_corremb_nn_cache,lexicon_induction_sememb_nn_cache,lexicon_induction_corremb_nn_cache
0,0.325,0.3875,0.375,0.275,0.4,0.3875,0.6625,0.5125
1,0.3875,0.43125,0.4,0.25,0.39375,0.425,0.625,0.5625
2,0.44166666666666665,0.5166666666666667,0.4375,0.2708333333333333,0.425,0.49166666666666664,0.6458333333333334,0.6125
3,0.503125,0.559375,0.503125,0.303125,0.503125,0.578125,0.709375,0.609375
4,0.545,0.605,0.5375,0.3325,0.5375,0.6425,0.745,0.6475
