,stoc_ot_senemb_nn_cache,stoc_ot_corremb_nn_cache,simple_ot_senemb_nn_cache,simple_ot_corremb_nn_cache,simple_proc_senemb_nn_cache,simple_proc_corremb_nn_cache,lexicon_induction_sememb_nn_cache,lexicon_induction_corremb_nn_cache
0,0.4125,0.4625,0.2875,0.2625,0.375,0.4375,0.6375,0.5125
1,0.4,0.5,0.29375,0.25,0.3625,0.4875,0.64375,0.5625
2,0.45,0.5375,0.30416666666666664,0.25833333333333336,0.38333333333333336,0.5416666666666666,0.6541666666666667,0.6125
3,0.5,0.6,0.3875,0.3,0.4625,0.621875,0.71875,0.609375
4,0.525,0.6775,0.415,0.335,0.5075,0.6625,0.745,0.6475
