,stoc_ot_senemb_nn_cache,stoc_ot_corremb_nn_cache,simple_ot_senemb_nn_cache,simple_ot_corremb_nn_cache,simple_proc_senemb_nn_cache,simple_proc_corremb_nn_cache,lexicon_induction_sememb_nn_cache,lexicon_induction_corremb_nn_cache
0,0.35,0.4125,0.3375,0.325,0.3625,0.4125,0.675,0.5125
1,0.3875,0.46875,0.31875,0.29375,0.375,0.43125,0.65,0.5625
2,0.4166666666666667,0.5166666666666667,0.3541666666666667,0.35,0.42083333333333334,0.5041666666666667,0.6541666666666667,0.6125
3,0.465625,0.534375,0.384375,0.40625,0.4625,0.559375,0.709375,0.609375
4,0.5175,0.5825,0.4225,0.4425,0.5225,0.6175,0.7275,0.6475
