,stoc_ot_senemb_nn_cache,stoc_ot_corremb_nn_cache,simple_ot_senemb_nn_cache,simple_ot_corremb_nn_cache,simple_proc_senemb_nn_cache,simple_proc_corremb_nn_cache,lexicon_induction_sememb_nn_cache,lexicon_induction_corremb_nn_cache
0,0.35,0.3375,0.325,0.2625,0.3375,0.4625,0.65,0.5125
1,0.40625,0.41875,0.31875,0.2375,0.34375,0.475,0.63125,0.5625
2,0.4708333333333333,0.4791666666666667,0.35,0.2625,0.39166666666666666,0.5541666666666667,0.6458333333333334,0.6125
3,0.490625,0.528125,0.396875,0.28125,0.41875,0.615625,0.7,0.609375
4,0.5225,0.595,0.4525,0.3225,0.4975,0.675,0.735,0.6475
