,stoc_ot_senemb_nn_cache,stoc_ot_corremb_nn_cache,simple_ot_senemb_nn_cache,simple_ot_corremb_nn_cache,simple_proc_senemb_nn_cache,simple_proc_corremb_nn_cache,lexicon_induction_sememb_nn_cache,lexicon_induction_corremb_nn_cache
0,0.35,0.4,0.3375,0.2625,0.35,0.45,0.675,0.5125
1,0.40625,0.45625,0.31875,0.24375,0.325,0.49375,0.64375,0.5625
2,0.475,0.4875,0.37916666666666665,0.2625,0.37916666666666665,0.5583333333333333,0.6666666666666666,0.6125
3,0.503125,0.559375,0.4375,0.28125,0.453125,0.625,0.71875,0.609375
4,0.53,0.6125,0.475,0.3225,0.4825,0.69,0.7375,0.6475
