,stoc_ot_senemb_nn_cache,stoc_ot_corremb_nn_cache,simple_ot_senemb_nn_cache,simple_ot_corremb_nn_cache,simple_proc_senemb_nn_cache,simple_proc_corremb_nn_cache,lexicon_induction_sememb_nn_cache,lexicon_induction_corremb_nn_cache
0,0.425,0.4875,0.3125,0.275,0.3,0.375,0.65,0.5125
1,0.38125,0.475,0.2875,0.23125,0.30625,0.3875,0.6375,0.5625
2,0.44583333333333336,0.5333333333333333,0.3458333333333333,0.2625,0.3458333333333333,0.4708333333333333,0.65,0.6125
3,0.49375,0.596875,0.403125,0.290625,0.4,0.55,0.71875,0.609375
4,0.51,0.6525,0.4275,0.3225,0.4375,0.5975,0.7325,0.6475
