,stoc_ot_senemb_nn_cache,stoc_ot_corremb_nn_cache,simple_ot_senemb_nn_cache,simple_ot_corremb_nn_cache,simple_proc_senemb_nn_cache,simple_proc_corremb_nn_cache,lexicon_induction_sememb_nn_cache,lexicon_induction_corremb_nn_cache
0,0.4,0.3875,0.3375,0.3625,0.325,0.35,0.6625,0.5125
1,0.44375,0.41875,0.33125,0.39375,0.31875,0.4125,0.6375,0.5625
2,0.475,0.5083333333333333,0.37916666666666665,0.4625,0.375,0.5,0.6541666666666667,0.6125
3,0.503125,0.553125,0.4125,0.5125,0.415625,0.596875,0.70625,0.609375
4,0.5075,0.59,0.42,0.53,0.4175,0.6025,0.7325,0.6475
