,stoc_ot_senemb_nn_cache,stoc_ot_corremb_nn_cache,simple_ot_senemb_nn_cache,simple_ot_corremb_nn_cache,simple_proc_senemb_nn_cache,simple_proc_corremb_nn_cache,lexicon_induction_sememb_nn_cache,lexicon_induction_corremb_nn_cache
0,0.35,0.3875,0.375,0.275,0.3875,0.5,0.6625,0.5125
1,0.35625,0.46875,0.35625,0.25625,0.35625,0.525,0.63125,0.5625
2,0.425,0.5416666666666666,0.42083333333333334,0.275,0.4166666666666667,0.5958333333333333,0.65,0.6125
3,0.45625,0.6,0.465625,0.30625,0.465625,0.634375,0.71875,0.609375
4,0.485,0.655,0.5325,0.3575,0.5325,0.7175,0.745,0.6475
