,stoc_ot_senemb_nn_cache,stoc_ot_corremb_nn_cache,simple_ot_senemb_nn_cache,simple_ot_corremb_nn_cache,simple_proc_senemb_nn_cache,simple_proc_corremb_nn_cache,lexicon_induction_sememb_nn_cache,lexicon_induction_corremb_nn_cache
0,0.3625,0.475,0.325,0.275,0.3375,0.45,0.675,0.5125
1,0.39375,0.525,0.3625,0.24375,0.375,0.475,0.6375,0.5625
2,0.4625,0.5583333333333333,0.425,0.2791666666666667,0.425,0.5416666666666666,0.6625,0.6125
3,0.515625,0.6,0.49375,0.30625,0.48125,0.5875,0.703125,0.609375
4,0.545,0.655,0.5375,0.3275,0.5425,0.645,0.7275,0.6475
