,stoc_ot_senemb_nn_cache,stoc_ot_corremb_nn_cache,simple_ot_senemb_nn_cache,simple_ot_corremb_nn_cache,simple_proc_senemb_nn_cache,simple_proc_corremb_nn_cache,lexicon_induction_sememb_nn_cache,lexicon_induction_corremb_nn_cache
0,0.475,0.4375,0.2875,0.275,0.3875,0.425,0.65,0.5125
1,0.45625,0.49375,0.30625,0.2875,0.38125,0.44375,0.625,0.5625
2,0.4666666666666667,0.575,0.325,0.29583333333333334,0.4125,0.5333333333333333,0.65,0.6125
3,0.51875,0.615625,0.365625,0.35,0.4625,0.625,0.70625,0.609375
4,0.5625,0.6575,0.405,0.38,0.52,0.6725,0.745,0.6475
