,stoc_ot_senemb_nn_cache,stoc_ot_corremb_nn_cache,simple_ot_senemb_nn_cache,simple_ot_corremb_nn_cache,simple_proc_senemb_nn_cache,simple_proc_corremb_nn_cache,lexicon_induction_sememb_nn_cache,lexicon_induction_corremb_nn_cache
0,0.4125,0.4,0.3125,0.2875,0.3125,0.3375,0.6625,0.5125
1,0.425,0.45625,0.29375,0.2875,0.3125,0.39375,0.61875,0.5625
2,0.45,0.5125,0.3458333333333333,0.36666666666666664,0.3541666666666667,0.4791666666666667,0.6583333333333333,0.6125
3,0.496875,0.56875,0.415625,0.4375,0.4125,0.559375,0.690625,0.609375
4,0.5025,0.6025,0.4325,0.4775,0.4325,0.6225,0.74,0.6475
