,stoc_ot_senemb_nn_cache,stoc_ot_corremb_nn_cache,simple_ot_senemb_nn_cache,simple_ot_corremb_nn_cache,simple_proc_senemb_nn_cache,simple_proc_corremb_nn_cache,lexicon_induction_sememb_nn_cache,lexicon_induction_corremb_nn_cache
0,0.375,0.5,0.3125,0.275,0.3125,0.475,0.65,0.5125
1,0.4375,0.5125,0.2875,0.25,0.3625,0.48125,0.64375,0.5625
2,0.4708333333333333,0.5333333333333333,0.32083333333333336,0.2708333333333333,0.4375,0.55,0.6666666666666666,0.6125
3,0.528125,0.615625,0.375,0.303125,0.484375,0.621875,0.69375,0.609375
4,0.5625,0.6525,0.4075,0.325,0.5325,0.6675,0.7375,0.6475
