,stoc_ot_senemb_nn_cache,stoc_ot_corremb_nn_cache,simple_ot_senemb_nn_cache,simple_ot_corremb_nn_cache,simple_proc_senemb_nn_cache,simple_proc_corremb_nn_cache,lexicon_induction_sememb_nn_cache,lexicon_induction_corremb_nn_cache
0,0.3875,0.3625,0.3125,0.4,0.3375,0.425,0.65,0.5125
1,0.4125,0.39375,0.3125,0.4375,0.3375,0.46875,0.65,0.5625
2,0.49583333333333335,0.48333333333333334,0.35,0.48333333333333334,0.3958333333333333,0.5375,0.6583333333333333,0.6125
3,0.51875,0.540625,0.396875,0.5,0.428125,0.596875,0.703125,0.609375
4,0.535,0.595,0.44,0.5775,0.49,0.6625,0.74,0.6475
