,stoc_ot_senemb_nn_cache,stoc_ot_corremb_nn_cache,simple_ot_senemb_nn_cache,simple_ot_corremb_nn_cache,simple_proc_senemb_nn_cache,simple_proc_corremb_nn_cache,lexicon_induction_sememb_nn_cache,lexicon_induction_corremb_nn_cache
0,0.35,0.4875,0.3625,0.35,0.375,0.45,0.625,0.5125
1,0.3875,0.51875,0.4,0.3625,0.375,0.46875,0.625,0.5625
2,0.4625,0.575,0.4875,0.4166666666666667,0.4791666666666667,0.5541666666666667,0.6375,0.6125
3,0.515625,0.6375,0.534375,0.496875,0.546875,0.6375,0.7125,0.609375
4,0.5225,0.67,0.5325,0.55,0.545,0.65,0.745,0.6475
