,stoc_ot_senemb_nn_cache,stoc_ot_corremb_nn_cache,simple_ot_senemb_nn_cache,simple_ot_corremb_nn_cache,simple_proc_senemb_nn_cache,simple_proc_corremb_nn_cache,lexicon_induction_sememb_nn_cache,lexicon_induction_corremb_nn_cache
0,0.425,0.475,0.325,0.2625,0.3375,0.375,0.65,0.5125
1,0.425,0.50625,0.31875,0.25,0.30625,0.425,0.6375,0.5625
2,0.475,0.5416666666666666,0.36666666666666664,0.25416666666666665,0.3875,0.5041666666666667,0.65,0.6125
3,0.503125,0.615625,0.425,0.29375,0.4375,0.584375,0.71875,0.609375
4,0.5525,0.6625,0.4825,0.3125,0.4925,0.6,0.745,0.6475
