,stoc_ot_senemb_nn_cache,stoc_ot_corremb_nn_cache,simple_ot_senemb_nn_cache,simple_ot_corremb_nn_cache,simple_proc_senemb_nn_cache,simple_proc_corremb_nn_cache,lexicon_induction_sememb_nn_cache,lexicon_induction_corremb_nn_cache
0,0.3625,0.3875,0.275,0.2625,0.325,0.4625,0.65,0.5125
1,0.39375,0.3875,0.26875,0.23125,0.38125,0.46875,0.63125,0.5625
2,0.42916666666666664,0.5,0.275,0.2625,0.4041666666666667,0.5708333333333333,0.6541666666666667,0.6125
3,0.49375,0.5625,0.35625,0.3,0.45625,0.646875,0.69375,0.609375
4,0.525,0.6075,0.395,0.3225,0.5175,0.6875,0.735,0.6475
