,stoc_ot_senemb_nn_cache,stoc_ot_corremb_nn_cache,simple_ot_senemb_nn_cache,simple_ot_corremb_nn_cache,simple_proc_senemb_nn_cache,simple_proc_corremb_nn_cache,lexicon_induction_sememb_nn_cache,lexicon_induction_corremb_nn_cache
0,0.375,0.4,0.375,0.275,0.3875,0.35,0.65,0.5125
1,0.36875,0.40625,0.325,0.26875,0.33125,0.38125,0.6375,0.5625
2,0.4083333333333333,0.5208333333333334,0.37083333333333335,0.3125,0.37916666666666665,0.49166666666666664,0.65,0.6125
3,0.48125,0.5625,0.453125,0.39375,0.45,0.590625,0.696875,0.609375
4,0.4775,0.6075,0.4725,0.4425,0.4725,0.6125,0.735,0.6475
