,stoc_ot_senemb_nn_cache,stoc_ot_corremb_nn_cache,simple_ot_senemb_nn_cache,simple_ot_corremb_nn_cache,simple_proc_senemb_nn_cache,simple_proc_corremb_nn_cache,lexicon_induction_sememb_nn_cache,lexicon_induction_corremb_nn_cache
0,0.325,0.375,0.375,0.2625,0.375,0.5,0.6625,0.5125
1,0.40625,0.425,0.3625,0.24375,0.35625,0.53125,0.63125,0.5625
2,0.44583333333333336,0.45416666666666666,0.4083333333333333,0.2625,0.4041666666666667,0.5625,0.6625,0.6125
3,0.49375,0.521875,0.490625,0.29375,0.490625,0.6375,0.696875,0.609375
4,0.5125,0.6,0.5125,0.3275,0.5175,0.6925,0.7275,0.6475
