,stoc_ot_senemb_nn_cache,stoc_ot_corremb_nn_cache,simple_ot_senemb_nn_cache,simple_ot_corremb_nn_cache,simple_proc_senemb_nn_cache,simple_proc_corremb_nn_cache,lexicon_induction_sememb_nn_cache,lexicon_induction_corremb_nn_cache
0,0.3125,0.475,0.3,0.275,0.35,0.4,0.6625,0.5125
1,0.40625,0.5,0.31875,0.2625,0.375,0.4625,0.60625,0.5625
2,0.4625,0.5291666666666667,0.3375,0.26666666666666666,0.42916666666666664,0.525,0.6666666666666666,0.6125
3,0.503125,0.59375,0.4,0.340625,0.509375,0.61875,0.6875,0.609375
4,0.5075,0.6325,0.4075,0.3775,0.5025,0.63,0.725,0.6475
