,stoc_ot_senemb_nn_cache,stoc_ot_corremb_nn_cache,simple_ot_senemb_nn_cache,simple_ot_corremb_nn_cache,simple_proc_senemb_nn_cache,simple_proc_corremb_nn_cache,lexicon_induction_sememb_nn_cache,lexicon_induction_corremb_nn_cache
0,0.4125,0.4,0.3375,0.275,0.325,0.5125,0.6375,0.5125
1,0.375,0.5,0.36875,0.2625,0.39375,0.5,0.63125,0.5625
2,0.44583333333333336,0.5833333333333334,0.45416666666666666,0.2916666666666667,0.4583333333333333,0.5958333333333333,0.65,0.6125
3,0.49375,0.615625,0.478125,0.30625,0.4875,0.625,0.703125,0.609375
4,0.525,0.685,0.5125,0.345,0.51,0.6875,0.735,0.6475
