,stoc_ot_senemb_nn_cache,stoc_ot_corremb_nn_cache,simple_ot_senemb_nn_cache,simple_ot_corremb_nn_cache,simple_proc_senemb_nn_cache,simple_proc_corremb_nn_cache,lexicon_induction_sememb_nn_cache,lexicon_induction_corremb_nn_cache
0,0.475,0.375,0.2875,0.2625,0.35,0.4625,0.65,0.5125
1,0.43125,0.4375,0.2875,0.23125,0.35625,0.4875,0.65,0.5625
2,0.4708333333333333,0.5333333333333333,0.30833333333333335,0.2791666666666667,0.4166666666666667,0.575,0.6416666666666667,0.6125
3,0.503125,0.584375,0.359375,0.309375,0.45,0.646875,0.70625,0.609375
4,0.56,0.6375,0.385,0.335,0.5025,0.7075,0.745,0.6475
