,stoc_ot_senemb_nn_cache,stoc_ot_corremb_nn_cache,simple_ot_senemb_nn_cache,simple_ot_corremb_nn_cache,simple_proc_senemb_nn_cache,simple_proc_corremb_nn_cache,lexicon_induction_sememb_nn_cache,lexicon_induction_corremb_nn_cache
0,0.425,0.4375,0.3125,0.275,0.3125,0.4625,0.65,0.5125
1,0.41875,0.5,0.375,0.26875,0.36875,0.48125,0.61875,0.5625
2,0.475,0.5333333333333333,0.42916666666666664,0.2916666666666667,0.42083333333333334,0.5708333333333333,0.6625,0.6125
3,0.53125,0.603125,0.484375,0.33125,0.490625,0.640625,0.7125,0.609375
4,0.5675,0.68,0.5275,0.3975,0.53,0.69,0.74,0.6475
