,stoc_ot_senemb_nn_cache,stoc_ot_corremb_nn_cache,simple_ot_senemb_nn_cache,simple_ot_corremb_nn_cache,simple_proc_senemb_nn_cache,simple_proc_corremb_nn_cache,lexicon_induction_sememb_nn_cache,lexicon_induction_corremb_nn_cache
0,0.4375,0.475,0.3375,0.275,0.3125,0.5,0.6375,0.5125
1,0.4125,0.5,0.31875,0.2625,0.31875,0.49375,0.6375,0.5625
2,0.48333333333333334,0.5583333333333333,0.38333333333333336,0.275,0.3958333333333333,0.5833333333333334,0.65,0.6125
3,0.525,0.596875,0.4375,0.30625,0.4375,0.63125,0.7125,0.609375
4,0.5575,0.69,0.465,0.355,0.47,0.6925,0.725,0.6475
