,stoc_ot_senemb_nn_cache,stoc_ot_corremb_nn_cache,simple_ot_senemb_nn_cache,simple_ot_corremb_nn_cache,simple_proc_senemb_nn_cache,simple_proc_corremb_nn_cache,lexicon_induction_sememb_nn_cache,lexicon_induction_corremb_nn_cache
0,0.35,0.35,0.325,0.325,0.3375,0.425,0.65,0.5125
1,0.3625,0.41875,0.38125,0.3375,0.36875,0.46875,0.63125,0.5625
2,0.44166666666666665,0.5041666666666667,0.45416666666666666,0.4041666666666667,0.45416666666666666,0.5416666666666666,0.65,0.6125
3,0.496875,0.559375,0.503125,0.4625,0.49375,0.61875,0.7125,0.609375
4,0.5475,0.595,0.5525,0.5,0.56,0.6525,0.7325,0.6475
