,stoc_ot_senemb_nn_cache,stoc_ot_corremb_nn_cache,simple_ot_senemb_nn_cache,simple_ot_corremb_nn_cache,simple_proc_senemb_nn_cache,simple_proc_corremb_nn_cache,lexicon_induction_sememb_nn_cache,lexicon_induction_corremb_nn_cache
0,0.35,0.45,0.3,0.275,0.3125,0.375,0.65,0.5125
1,0.36875,0.44375,0.26875,0.24375,0.3125,0.40625,0.65,0.5625
2,0.4666666666666667,0.5375,0.32916666666666666,0.26666666666666666,0.37916666666666665,0.48333333333333334,0.6541666666666667,0.6125
3,0.496875,0.58125,0.39375,0.290625,0.440625,0.571875,0.703125,0.609375
4,0.525,0.6325,0.4175,0.32,0.4825,0.6225,0.695,0.6475
