,stoc_ot_senemb_nn_cache,stoc_ot_corremb_nn_cache,simple_ot_senemb_nn_cache,simple_ot_corremb_nn_cache,simple_proc_senemb_nn_cache,simple_proc_corremb_nn_cache,lexicon_induction_sememb_nn_cache,lexicon_induction_corremb_nn_cache
0,0.4125,0.45,0.3875,0.3,0.3875,0.45,0.6375,0.5125
1,0.3875,0.48125,0.33125,0.31875,0.33125,0.4875,0.65,0.5625
2,0.43333333333333335,0.525,0.38333333333333336,0.3625,0.37916666666666665,0.5708333333333333,0.6458333333333334,0.6125
3,0.465625,0.59375,0.446875,0.41875,0.44375,0.6375,0.7125,0.609375
4,0.48,0.6525,0.475,0.4975,0.4775,0.675,0.725,0.6475
