,stoc_ot_senemb_nn_cache,stoc_ot_corremb_nn_cache,simple_ot_senemb_nn_cache,simple_ot_corremb_nn_cache,simple_proc_senemb_nn_cache,simple_proc_corremb_nn_cache,lexicon_induction_sememb_nn_cache,lexicon_induction_corremb_nn_cache
0,0.4,0.375,0.2875,0.375,0.3375,0.475,0.6625,0.5125
1,0.41875,0.41875,0.3,0.38125,0.3875,0.4875,0.65,0.5625
2,0.42916666666666664,0.5083333333333333,0.32083333333333336,0.3958333333333333,0.3958333333333333,0.5791666666666667,0.6375,0.6125
3,0.4875,0.540625,0.396875,0.415625,0.48125,0.625,0.709375,0.609375
4,0.525,0.6075,0.4225,0.4775,0.5175,0.705,0.73,0.6475
