,stoc_ot_senemb_nn_cache,stoc_ot_corremb_nn_cache,simple_ot_senemb_nn_cache,simple_ot_corremb_nn_cache,simple_proc_senemb_nn_cache,simple_proc_corremb_nn_cache,lexicon_induction_sememb_nn_cache,lexicon_induction_corremb_nn_cache
0,0.3875,0.4625,0.3375,0.275,0.3125,0.45,0.65,0.5125
1,0.4125,0.48125,0.34375,0.29375,0.35625,0.46875,0.64375,0.5625
2,0.4375,0.5375,0.39166666666666666,0.37916666666666665,0.4,0.5625,0.6625,0.6125
3,0.51875,0.60625,0.45625,0.459375,0.490625,0.609375,0.7125,0.609375
4,0.545,0.6425,0.4725,0.49,0.495,0.64,0.725,0.6475
