,stoc_ot_senemb_nn_cache,stoc_ot_corremb_nn_cache,simple_ot_senemb_nn_cache,simple_ot_corremb_nn_cache,simple_proc_senemb_nn_cache,simple_proc_corremb_nn_cache,lexicon_induction_sememb_nn_cache,lexicon_induction_corremb_nn_cache
0,0.4,0.4,0.3125,0.275,0.35,0.45,0.65,0.5125
1,0.41875,0.43125,0.29375,0.25625,0.35,0.4625,0.625,0.5625
2,0.4666666666666667,0.49166666666666664,0.3333333333333333,0.2875,0.3958333333333333,0.5291666666666667,0.6666666666666666,0.6125
3,0.5,0.55,0.359375,0.30625,0.434375,0.603125,0.703125,0.609375
4,0.555,0.6125,0.4075,0.345,0.495,0.66,0.73,0.6475
