,stoc_ot_senemb_nn_cache,stoc_ot_corremb_nn_cache,simple_ot_senemb_nn_cache,simple_ot_corremb_nn_cache,simple_proc_senemb_nn_cache,simple_proc_corremb_nn_cache,lexicon_induction_sememb_nn_cache,lexicon_induction_corremb_nn_cache
0,0.3875,0.5125,0.3125,0.2875,0.3375,0.4375,0.675,0.5125
1,0.40625,0.4875,0.30625,0.2625,0.3625,0.4375,0.625,0.5625
2,0.44583333333333336,0.5208333333333334,0.35833333333333334,0.30416666666666664,0.3958333333333333,0.5541666666666667,0.6458333333333334,0.6125
3,0.478125,0.590625,0.3875,0.378125,0.434375,0.6125,0.7125,0.609375
4,0.5125,0.6575,0.4175,0.4625,0.48,0.685,0.735,0.6475
