,stoc_ot_senemb_nn_cache,stoc_ot_corremb_nn_cache,simple_ot_senemb_nn_cache,simple_ot_corremb_nn_cache,simple_proc_senemb_nn_cache,simple_proc_corremb_nn_cache,lexicon_induction_sememb_nn_cache,lexicon_induction_corremb_nn_cache
0,0.425,0.375,0.3,0.2625,0.3375,0.375,0.675,0.5125
1,0.45,0.4375,0.3,0.25625,0.3625,0.425,0.63125,0.5625
2,0.4625,0.5083333333333333,0.31666666666666665,0.25,0.4166666666666667,0.49583333333333335,0.65,0.6125
3,0.515625,0.565625,0.384375,0.296875,0.478125,0.590625,0.7125,0.609375
4,0.5225,0.6025,0.4,0.3075,0.515,0.6075,0.7225,0.6475
