,stoc_ot_senemb_nn_cache,stoc_ot_corremb_nn_cache,simple_ot_senemb_nn_cache,simple_ot_corremb_nn_cache,simple_proc_senemb_nn_cache,simple_proc_corremb_nn_cache,lexicon_induction_sememb_nn_cache,lexicon_induction_corremb_nn_cache
0,0.3625,0.4125,0.325,0.2625,0.3125,0.3875,0.6625,0.5125
1,0.3625,0.48125,0.33125,0.23125,0.3375,0.41875,0.64375,0.5625
2,0.44166666666666665,0.5833333333333334,0.38333333333333336,0.26666666666666666,0.375,0.5,0.6583333333333333,0.6125
3,0.4625,0.59375,0.39375,0.28125,0.403125,0.56875,0.696875,0.609375
4,0.5025,0.635,0.43,0.3,0.46,0.6175,0.7225,0.6475
