,stoc_ot_senemb_nn_cache,stoc_ot_corremb_nn_cache,simple_ot_senemb_nn_cache,simple_ot_corremb_nn_cache,simple_proc_senemb_nn_cache,simple_proc_corremb_nn_cache,lexicon_induction_sememb_nn_cache,lexicon_induction_corremb_nn_cache
0,0.4625,0.425,0.325,0.325,0.35,0.3875,0.65,0.5125
1,0.45625,0.5,0.3375,0.3875,0.39375,0.45625,0.6375,0.5625
2,0.475,0.5208333333333334,0.39166666666666666,0.44583333333333336,0.4041666666666667,0.5166666666666667,0.6625,0.6125
3,0.5125,0.590625,0.440625,0.525,0.496875,0.61875,0.7125,0.609375
4,0.53,0.6025,0.455,0.555,0.52,0.61,0.7075,0.6475
