,stoc_ot_senemb_nn_cache,stoc_ot_corremb_nn_cache,simple_ot_senemb_nn_cache,simple_ot_corremb_nn_cache,simple_proc_senemb_nn_cache,simple_proc_corremb_nn_cache,lexicon_induction_sememb_nn_cache,lexicon_induction_corremb_nn_cache
0,0.375,0.3875,0.3,0.2625,0.3125,0.4375,0.6625,0.5125
1,0.4,0.4125,0.29375,0.25625,0.3375,0.45,0.64375,0.5625
2,0.4625,0.45416666666666666,0.3541666666666667,0.2625,0.3875,0.525,0.6541666666666667,0.6125
3,0.5125,0.50625,0.4125,0.29375,0.4375,0.596875,0.71875,0.609375
4,0.5475,0.5625,0.445,0.3075,0.4875,0.61,0.73,0.6475
