,stoc_ot_senemb_nn_cache,stoc_ot_corremb_nn_cache,simple_ot_senemb_nn_cache,simple_ot_corremb_nn_cache,simple_proc_senemb_nn_cache,simple_proc_corremb_nn_cache,lexicon_induction_sememb_nn_cache,lexicon_induction_corremb_nn_cache
0,0.3875,0.4375,0.2875,0.3125,0.2875,0.35,0.6625,0.5125
1,0.425,0.46875,0.275,0.35,0.275,0.4125,0.60625,0.5625
2,0.4875,0.5083333333333333,0.35,0.39166666666666666,0.35833333333333334,0.5125,0.6666666666666666,0.6125
3,0.53125,0.559375,0.409375,0.425,0.415625,0.575,0.709375,0.609375
4,0.565,0.61,0.45,0.4675,0.455,0.585,0.7275,0.6475
