,stoc_ot_senemb_nn_cache,stoc_ot_corremb_nn_cache,simple_ot_senemb_nn_cache,simple_ot_corremb_nn_cache,simple_proc_senemb_nn_cache,simple_proc_corremb_nn_cache,lexicon_induction_sememb_nn_cache,lexicon_induction_corremb_nn_cache
0,0.3625,0.4625,0.3,0.325,0.3125,0.5,0.65,0.5125
1,0.41875,0.48125,0.2875,0.33125,0.28125,0.51875,0.60625,0.5625
2,0.43333333333333335,0.5541666666666667,0.325,0.3875,0.325,0.5875,0.6583333333333333,0.6125
3,0.490625,0.621875,0.375,0.415625,0.38125,0.634375,0.69375,0.609375
4,0.4925,0.69,0.3975,0.5,0.4,0.7175,0.7175,0.6475
