,stoc_ot_senemb_nn_cache,stoc_ot_corremb_nn_cache,simple_ot_senemb_nn_cache,simple_ot_corremb_nn_cache,simple_proc_senemb_nn_cache,simple_proc_corremb_nn_cache,lexicon_induction_sememb_nn_cache,lexicon_induction_corremb_nn_cache
0,0.4125,0.3875,0.3125,0.275,0.35,0.4625,0.6625,0.5125
1,0.3875,0.43125,0.35625,0.25625,0.36875,0.50625,0.6375,0.5625
2,0.4791666666666667,0.5125,0.42083333333333334,0.2875,0.44583333333333336,0.55,0.6458333333333334,0.6125
3,0.515625,0.55625,0.4875,0.325,0.515625,0.6125,0.69375,0.609375
4,0.505,0.6325,0.49,0.3625,0.5125,0.6525,0.73,0.6475
