,stoc_ot_senemb_nn_cache,stoc_ot_corremb_nn_cache,simple_ot_senemb_nn_cache,simple_ot_corremb_nn_cache,simple_proc_senemb_nn_cache,simple_proc_corremb_nn_cache,lexicon_induction_sememb_nn_cache,lexicon_induction_corremb_nn_cache
0,0.375,0.45,0.3375,0.2875,0.3375,0.4625,0.6625,0.5125
1,0.425,0.49375,0.38125,0.23125,0.38125,0.44375,0.63125,0.5625
2,0.4625,0.5583333333333333,0.43333333333333335,0.3125,0.43333333333333335,0.5375,0.6625,0.6125
3,0.49375,0.625,0.51875,0.3625,0.515625,0.6375,0.709375,0.609375
4,0.5275,0.695,0.545,0.4475,0.54,0.6825,0.745,0.6475
