,stoc_ot_senemb_nn_cache,stoc_ot_corremb_nn_cache,simple_ot_senemb_nn_cache,simple_ot_corremb_nn_cache,simple_proc_senemb_nn_cache,simple_proc_corremb_nn_cache,lexicon_induction_sememb_nn_cache,lexicon_induction_corremb_nn_cache
0,0.4625,0.425,0.3,0.3,0.35,0.4625,0.6625,0.5125
1,0.4625,0.5,0.325,0.3,0.39375,0.4875,0.6,0.5625
2,0.4791666666666667,0.5583333333333333,0.37083333333333335,0.3375,0.4041666666666667,0.5458333333333333,0.65,0.6125
3,0.503125,0.63125,0.390625,0.409375,0.478125,0.653125,0.703125,0.609375
4,0.5425,0.6875,0.4225,0.465,0.5175,0.6825,0.7275,0.6475
