,stoc_ot_senemb_nn_cache,stoc_ot_corremb_nn_cache,simple_ot_senemb_nn_cache,simple_ot_corremb_nn_cache,simple_proc_senemb_nn_cache,simple_proc_corremb_nn_cache,lexicon_induction_sememb_nn_cache,lexicon_induction_corremb_nn_cache
0,0.45,0.4,0.2875,0.2625,0.3375,0.5125,0.65,0.5125
1,0.4125,0.4375,0.2625,0.2375,0.38125,0.50625,0.6375,0.5625
2,0.475,0.5208333333333334,0.31666666666666665,0.2708333333333333,0.44583333333333336,0.575,0.6541666666666667,0.6125
3,0.5125,0.5625,0.38125,0.3,0.49375,0.634375,0.709375,0.609375
4,0.54,0.625,0.4325,0.3475,0.5425,0.7025,0.715,0.6475
