,stoc_ot_senemb_nn_cache,stoc_ot_corremb_nn_cache,simple_ot_senemb_nn_cache,simple_ot_corremb_nn_cache,simple_proc_senemb_nn_cache,simple_proc_corremb_nn_cache,lexicon_induction_sememb_nn_cache,lexicon_induction_corremb_nn_cache
0,0.4125,0.4625,0.3125,0.3,0.35,0.4875,0.65,0.5125
1,0.4,0.4875,0.29375,0.35,0.3375,0.49375,0.6125,0.5625
2,0.4083333333333333,0.5416666666666666,0.3375,0.4,0.36666666666666664,0.575,0.6541666666666667,0.6125
3,0.484375,0.60625,0.415625,0.446875,0.446875,0.640625,0.696875,0.609375
4,0.555,0.6925,0.45,0.5525,0.4975,0.705,0.7325,0.6475
