,stoc_ot_senemb_nn_cache,stoc_ot_corremb_nn_cache,simple_ot_senemb_nn_cache,simple_ot_corremb_nn_cache,simple_proc_senemb_nn_cache,simple_proc_corremb_nn_cache,lexicon_induction_sememb_nn_cache,lexicon_induction_corremb_nn_cache
0,0.3875,0.425,0.275,0.2625,0.3,0.3875,0.6625,0.5125
1,0.45,0.5125,0.2875,0.24375,0.2875,0.4375,0.65,0.5625
2,0.45,0.5458333333333333,0.3125,0.25833333333333336,0.3333333333333333,0.5166666666666667,0.6375,0.6125
3,0.509375,0.6,0.403125,0.278125,0.409375,0.60625,0.7,0.609375
4,0.5375,0.6675,0.4375,0.3075,0.46,0.645,0.715,0.6475
