,stoc_ot_senemb_nn_cache,stoc_ot_corremb_nn_cache,simple_ot_senemb_nn_cache,simple_ot_corremb_nn_cache,simple_proc_senemb_nn_cache,simple_proc_corremb_nn_cache,lexicon_induction_sememb_nn_cache,lexicon_induction_corremb_nn_cache
0,0.3,0.375,0.3875,0.3125,0.3875,0.4125,0.65,0.5125
1,0.39375,0.43125,0.375,0.35,0.375,0.44375,0.64375,0.5625
2,0.4708333333333333,0.48333333333333334,0.44166666666666665,0.4041666666666667,0.44166666666666665,0.5083333333333333,0.6541666666666667,0.6125
3,0.496875,0.5375,0.521875,0.46875,0.51875,0.590625,0.69375,0.609375
4,0.5325,0.595,0.5675,0.5125,0.5625,0.625,0.72,0.6475
