,stoc_ot_senemb_nn_cache,stoc_ot_corremb_nn_cache,simple_ot_senemb_nn_cache,simple_ot_corremb_nn_cache,simple_proc_senemb_nn_cache,simple_proc_corremb_nn_cache,lexicon_induction_sememb_nn_cache,lexicon_induction_corremb_nn_cache
0,0.3875,0.4375,0.2875,0.275,0.3125,0.475,0.675,0.5125
1,0.4125,0.51875,0.275,0.2625,0.375,0.50625,0.625,0.5625
2,0.4666666666666667,0.5541666666666667,0.30833333333333335,0.2791666666666667,0.44166666666666665,0.5666666666666667,0.6416666666666667,0.6125
3,0.515625,0.615625,0.35625,0.315625,0.4875,0.64375,0.696875,0.609375
4,0.555,0.6625,0.405,0.3325,0.545,0.6675,0.745,0.6475
