,stoc_ot_senemb_nn_cache,stoc_ot_corremb_nn_cache,simple_ot_senemb_nn_cache,simple_ot_corremb_nn_cache,simple_proc_senemb_nn_cache,simple_proc_corremb_nn_cache,lexicon_induction_sememb_nn_cache,lexicon_induction_corremb_nn_cache
0,0.4625,0.45,0.275,0.3125,0.35,0.425,0.675,0.5125
1,0.44375,0.4375,0.28125,0.35625,0.35,0.475,0.63125,0.5625
2,0.4625,0.4791666666666667,0.3333333333333333,0.3875,0.39166666666666666,0.5291666666666667,0.6625,0.6125
3,0.50625,0.525,0.371875,0.44375,0.4375,0.575,0.690625,0.609375
4,0.5675,0.575,0.4225,0.495,0.515,0.6275,0.735,0.6475
