,stoc_ot_senemb_nn_cache,stoc_ot_corremb_nn_cache,simple_ot_senemb_nn_cache,simple_ot_corremb_nn_cache,simple_proc_senemb_nn_cache,simple_proc_corremb_nn_cache,lexicon_induction_sememb_nn_cache,lexicon_induction_corremb_nn_cache
0,0.3875,0.475,0.3,0.3,0.3,0.35,0.675,0.5125
1,0.3875,0.46875,0.2875,0.2625,0.2875,0.39375,0.625,0.5625
2,0.44583333333333336,0.5375,0.3541666666666667,0.3,0.3625,0.49583333333333335,0.6541666666666667,0.6125
3,0.46875,0.628125,0.396875,0.35,0.396875,0.590625,0.709375,0.609375
4,0.48,0.65,0.44,0.385,0.4275,0.6025,0.73,0.6475
