,stoc_ot_senemb_nn_cache,stoc_ot_corremb_nn_cache,simple_ot_senemb_nn_cache,simple_ot_corremb_nn_cache,simple_proc_senemb_nn_cache,simple_proc_corremb_nn_cache,lexicon_induction_sememb_nn_cache,lexicon_induction_corremb_nn_cache
0,0.375,0.4625,0.325,0.3,0.3375,0.35,0.65,0.5125
1,0.41875,0.475,0.30625,0.29375,0.34375,0.40625,0.65,0.5625
2,0.4583333333333333,0.5333333333333333,0.3333333333333333,0.3375,0.3875,0.5208333333333334,0.6541666666666667,0.6125
3,0.4875,0.61875,0.3875,0.403125,0.434375,0.5875,0.709375,0.609375
4,0.5325,0.675,0.4175,0.4925,0.495,0.615,0.7275,0.6475
