,stoc_ot_senemb_nn_cache,stoc_ot_corremb_nn_cache,simple_ot_senemb_nn_cache,simple_ot_corremb_nn_cache,simple_proc_senemb_nn_cache,simple_proc_corremb_nn_cache,lexicon_induction_sememb_nn_cache,lexicon_induction_corremb_nn_cache
0,0.3875,0.4625,0.3375,0.275,0.3375,0.4375,0.6375,0.5125
1,0.4,0.44375,0.31875,0.24375,0.41875,0.4625,0.6375,0.5625
2,0.45,0.5375,0.37916666666666665,0.2625,0.4625,0.5583333333333333,0.6416666666666667,0.6125
3,0.51875,0.60625,0.403125,0.3,0.5125,0.6375,0.703125,0.609375
4,0.56,0.68,0.4475,0.3425,0.5475,0.6725,0.7325,0.6475
