,stoc_ot_senemb_nn_cache,stoc_ot_corremb_nn_cache,simple_ot_senemb_nn_cache,simple_ot_corremb_nn_cache,simple_proc_senemb_nn_cache,simple_proc_corremb_nn_cache,lexicon_induction_sememb_nn_cache,lexicon_induction_corremb_nn_cache
0,0.3375,0.425,0.325,0.3,0.3375,0.4875,0.6625,0.5125
1,0.39375,0.45625,0.375,0.2625,0.38125,0.50625,0.625,0.5625
2,0.4583333333333333,0.5541666666666667,0.43333333333333335,0.375,0.45,0.5916666666666667,0.6583333333333333,0.6125
3,0.525,0.6125,0.5,0.453125,0.5,0.640625,0.709375,0.609375
4,0.555,0.68,0.5175,0.4775,0.5275,0.705,0.7275,0.6475
