,stoc_ot_senemb_nn_cache,stoc_ot_corremb_nn_cache,simple_ot_senemb_nn_cache,simple_ot_corremb_nn_cache,simple_proc_senemb_nn_cache,simple_proc_corremb_nn_cache,lexicon_induction_sememb_nn_cache,lexicon_induction_corremb_nn_cache
0,0.4375,0.4625,0.2875,0.2625,0.35,0.3625,0.65,0.5125
1,0.425,0.5125,0.275,0.24375,0.36875,0.4125,0.64375,0.5625
2,0.44583333333333336,0.5583333333333333,0.2833333333333333,0.275,0.39166666666666666,0.5041666666666667,0.65,0.6125
3,0.4875,0.628125,0.3375,0.30625,0.45,0.590625,0.703125,0.609375
4,0.5375,0.6625,0.3975,0.3275,0.505,0.61,0.7325,0.6475
