,stoc_ot_senemb_nn_cache,stoc_ot_corremb_nn_cache,simple_ot_senemb_nn_cache,simple_ot_corremb_nn_cache,simple_proc_senemb_nn_cache,simple_proc_corremb_nn_cache,lexicon_induction_sememb_nn_cache,lexicon_induction_corremb_nn_cache
0,0.425,0.475,0.3125,0.2625,0.3875,0.475,0.6625,0.5125
1,0.43125,0.49375,0.3,0.24375,0.3625,0.475,0.64375,0.5625
2,0.4875,0.5375,0.3416666666666667,0.26666666666666666,0.4041666666666667,0.575,0.6541666666666667,0.6125
3,0.5,0.603125,0.3875,0.296875,0.459375,0.640625,0.71875,0.609375
4,0.5375,0.685,0.415,0.33,0.5025,0.6875,0.7425,0.6475
