,stoc_ot_senemb_nn_cache,stoc_ot_corremb_nn_cache,simple_ot_senemb_nn_cache,simple_ot_corremb_nn_cache,simple_proc_senemb_nn_cache,simple_proc_corremb_nn_cache,lexicon_induction_sememb_nn_cache,lexicon_induction_corremb_nn_cache
0,0.4,0.375,0.35,0.275,0.35,0.475,0.65,0.5125
1,0.3875,0.4375,0.35625,0.24375,0.3625,0.4875,0.65,0.5625
2,0.4666666666666667,0.5083333333333333,0.4375,0.26666666666666666,0.42916666666666664,0.5333333333333333,0.6458333333333334,0.6125
3,0.515625,0.5875,0.475,0.303125,0.465625,0.625,0.71875,0.609375
4,0.54,0.61,0.5375,0.335,0.5175,0.6975,0.71,0.6475
