,stoc_ot_senemb_nn_cache,stoc_ot_corremb_nn_cache,simple_ot_senemb_nn_cache,simple_ot_corremb_nn_cache,simple_proc_senemb_nn_cache,simple_proc_corremb_nn_cache,lexicon_induction_sememb_nn_cache,lexicon_induction_corremb_nn_cache
0,0.3875,0.45,0.3625,0.275,0.3625,0.425,0.6625,0.5125
1,0.41875,0.4875,0.3875,0.25625,0.38125,0.4375,0.63125,0.5625
2,0.49166666666666664,0.5291666666666667,0.4666666666666667,0.2916666666666667,0.4625,0.5458333333333333,0.6458333333333334,0.6125
3,0.55,0.58125,0.5375,0.31875,0.54375,0.603125,0.709375,0.609375
4,0.5625,0.63,0.5625,0.345,0.5625,0.6425,0.7375,0.6475
