,stoc_ot_senemb_nn_cache,stoc_ot_corremb_nn_cache,simple_ot_senemb_nn_cache,simple_ot_corremb_nn_cache,simple_proc_senemb_nn_cache,simple_proc_corremb_nn_cache,lexicon_induction_sememb_nn_cache,lexicon_induction_corremb_nn_cache
0,0.3875,0.3625,0.325,0.2625,0.3375,0.4,0.6625,0.5125
1,0.3875,0.425,0.29375,0.225,0.35625,0.4375,0.63125,0.5625
2,0.4375,0.4708333333333333,0.3541666666666667,0.25,0.42916666666666664,0.5208333333333334,0.6416666666666667,0.6125
3,0.490625,0.553125,0.3875,0.275,0.484375,0.5875,0.703125,0.609375
4,0.54,0.6125,0.4325,0.31,0.5425,0.665,0.7175,0.6475
