,stoc_ot_senemb_nn_cache,stoc_ot_corremb_nn_cache,simple_ot_senemb_nn_cache,simple_ot_corremb_nn_cache,simple_proc_senemb_nn_cache,simple_proc_corremb_nn_cache,lexicon_induction_sememb_nn_cache,lexicon_induction_corremb_nn_cache
0,0.4375,0.475,0.325,0.3875,0.3375,0.3625,0.6625,0.5125
1,0.48125,0.5125,0.30625,0.3625,0.3625,0.3875,0.6375,0.5625
2,0.4791666666666667,0.5625,0.3458333333333333,0.44166666666666665,0.4166666666666667,0.4791666666666667,0.6416666666666667,0.6125
3,0.521875,0.61875,0.40625,0.46875,0.475,0.559375,0.69375,0.609375
4,0.52,0.6725,0.4275,0.5225,0.5175,0.6,0.735,0.6475
