,stoc_ot_senemb_nn_cache,stoc_ot_corremb_nn_cache,simple_ot_senemb_nn_cache,simple_ot_corremb_nn_cache,simple_proc_senemb_nn_cache,simple_proc_corremb_nn_cache,lexicon_induction_sememb_nn_cache,lexicon_induction_corremb_nn_cache
0,0.4125,0.3875,0.3,0.3125,0.3,0.4,0.65,0.5125
1,0.40625,0.40625,0.3,0.375,0.3625,0.40625,0.64375,0.5625
2,0.45,0.5166666666666667,0.3125,0.4666666666666667,0.37083333333333335,0.49583333333333335,0.6416666666666667,0.6125
3,0.509375,0.553125,0.390625,0.49375,0.4375,0.56875,0.7,0.609375
4,0.55,0.5825,0.425,0.535,0.4875,0.5925,0.74,0.6475
