,stoc_ot_senemb_nn_cache,stoc_ot_corremb_nn_cache,simple_ot_senemb_nn_cache,simple_ot_corremb_nn_cache,simple_proc_senemb_nn_cache,simple_proc_corremb_nn_cache,lexicon_induction_sememb_nn_cache,lexicon_induction_corremb_nn_cache
0,0.4625,0.3875,0.3,0.3,0.3625,0.4,0.6375,0.5125
1,0.4375,0.41875,0.2625,0.26875,0.38125,0.4125,0.64375,0.5625
2,0.45416666666666666,0.5041666666666667,0.25833333333333336,0.32916666666666666,0.37916666666666665,0.4875,0.6541666666666667,0.6125
3,0.509375,0.55625,0.340625,0.375,0.484375,0.58125,0.7125,0.609375
4,0.5425,0.5975,0.39,0.425,0.535,0.62,0.7375,0.6475
