,stoc_ot_senemb_nn_cache,stoc_ot_corremb_nn_cache,simple_ot_senemb_nn_cache,simple_ot_corremb_nn_cache,simple_proc_senemb_nn_cache,simple_proc_corremb_nn_cache,lexicon_induction_sememb_nn_cache,lexicon_induction_corremb_nn_cache
0,0.425,0.375,0.3,0.275,0.325,0.45,0.675,0.5125
1,0.4,0.475,0.28125,0.25,0.375,0.4625,0.63125,0.5625
2,0.45416666666666666,0.5416666666666666,0.3125,0.3,0.39166666666666666,0.5625,0.65,0.6125
3,0.49375,0.596875,0.371875,0.33125,0.459375,0.621875,0.70625,0.609375
4,0.5275,0.6575,0.415,0.365,0.515,0.6725,0.6975,0.6475
