,stoc_ot_senemb_nn_cache,stoc_ot_corremb_nn_cache,simple_ot_senemb_nn_cache,simple_ot_corremb_nn_cache,simple_proc_senemb_nn_cache,simple_proc_corremb_nn_cache,lexicon_induction_sememb_nn_cache,lexicon_induction_corremb_nn_cache
0,0.4625,0.3625,0.3125,0.2625,0.3375,0.5125,0.6375,0.5125
1,0.4375,0.425,0.29375,0.24375,0.35,0.5,0.65,0.5625
2,0.42083333333333334,0.5583333333333333,0.3125,0.275,0.35833333333333334,0.5833333333333334,0.6625,0.6125
3,0.446875,0.603125,0.378125,0.3,0.41875,0.65,0.7,0.609375
4,0.46,0.66,0.4,0.3325,0.4675,0.695,0.7325,0.6475
